{"_default": {"1": {"0": 50.7976605, "1": 3.2769368}, "2": {"0": 50.7976081, "1": 3.2769122000000004}, "3": {"0": 50.797616, "1": 3.2769196999999997}, "4": {"0": 50.797616, "1": 3.2769196999999997}}}