{"_default": {"1": {"0": 50.7976605, "1": 3.2769368}, "2": {"0": 50.7976081, "1": 3.2769122000000004}, "3": {"0": 50.797616, "1": 3.2769196999999997}, "4": {"0": 50.797616, "1": 3.2769196999999997}, "5": {"0": 50.7976497, "1": 3.2768953}, "6": {"0": 50.797653399999994, "1": 3.2769162}, "7": {"0": 50.797653399999994, "1": 3.2769162}, "8": {"0": 50.797668, "1": 3.2769125999999997}, "9": {"0": 50.797668, "1": 3.2769125999999997}, "10": {"0": 50.7975906, "1": 3.2769391}, "11": {"0": 50.7975906, "1": 3.2769391}, "12": {"0": 50.797612099999995, "1": 3.2769472}, "13": {"0": 50.797612099999995, "1": 3.2769472}, "14": {"0": 50.79759850000001, "1": 3.2769279}, "15": {"0": 50.7975893, "1": 3.276932}, "16": {"0": 50.7976063, "1": 3.2769154}, "17": {"0": 50.797619, "1": 3.2769401}, "18": {"0": 50.797619, "1": 3.2769401}}}